cans, BAC 
1, 0.010986547085201831
2, 0.031165919282511223
3, 0.02040358744394624
3, 0.04147982062780273
3, 0.07062780269058297
4, 0.07062780269058297
4, 0.05044843049327358
4, 0.05089686098654711
5, 0.06165919282511215
5, 0.08497757847533635
5, 0.10067264573991033
6, 0.1002242152466368
7, 0.09484304932735428
7, 0.09080717488789239
8, 0.1204035874439462
9, 0.19080717488789237
