fluoride,caries
0,810
0,673
0,722
0.10000000149011612,706
0.10000000149011612,823
0.10000000149011612,1037
0.10000000149011612,772
0.20000000298023224,733
0.20000000298023224,703
0.30000001192092896,652
0.4000000059604645,556
0.5,444
0.6000000238418579,412
0.8999999761581421,343
1.2000000476837158,258
1.2000000476837158,303
1.2000000476837158,281
1.2999999523162842,323
1.7999999523162842,252
1.899999976158142,236
2.5999999046325684,246
